{"cameraMode":{"drawMode":0,"name":"Shaded","section":"Shading Mode"},"sceneLighting":false,"audioPlay":false,"sceneViewState":{"m_AlwaysRefresh":false,"showFog":true,"showSkybox":false,"showFlares":true,"showImageEffects":true,"showParticleSystems":true,"showVisualEffectGraphs":true,"m_FxEnabled":true},"in2DMode":false,"pivot":{"x":0.0008387565612792969,"y":1.5253283977508546,"z":0.6042890548706055},"rotation":{"x":0.00356077472679317,"y":0.6114494204521179,"z":-0.0027515292167663576,"w":0.7912711501121521},"size":12.261805534362793,"orthographic":true}