{"cameraMode":{"drawMode":0,"name":"Shaded","section":"Shading Mode"},"sceneLighting":false,"audioPlay":false,"sceneViewState":{"m_AlwaysRefresh":false,"showFog":true,"showSkybox":false,"showFlares":true,"showImageEffects":true,"showParticleSystems":true,"showVisualEffectGraphs":true,"m_FxEnabled":true},"in2DMode":false,"pivot":{"x":0.0008387565612792969,"y":1.5253283977508546,"z":0.6042890548706055},"rotation":{"x":0.05200016871094704,"y":-0.9413442015647888,"z":0.17100176215171815,"w":0.28624406456947329},"size":12.261805534362793,"orthographic":false}